"Time (s)","Pressure (hPa)"
5.685223000E-3,9.804016113E2
1.054362230E-1,9.803979492E2
2.049602230E-1,9.803198242E2
3.044762230E-1,9.800742188E2
4.040072230E-1,9.799304199E2
5.035502230E-1,9.798676758E2
6.030878230E-1,9.798930664E2
7.026186560E-1,9.799760742E2
8.021427980E-1,9.801008301E2
9.016691730E-1,9.802243652E2
1.001195617E0,9.803515625E2
1.100721517E0,9.804643555E2
1.200247517E0,9.806154785E2
1.299777183E0,9.806677246E2
1.399306875E0,9.806645508E2
1.498839089E0,9.806472168E2
1.598368689E0,9.806042480E2
1.697898001E0,9.805405273E2
1.797424118E0,9.804699707E2
1.896949840E0,9.803850098E2
1.996474576E0,9.804042969E2
2.095999876E0,9.805114746E2
2.195524733E0,9.804702148E2
2.295049596E0,9.804670410E2
2.394575030E0,9.804401855E2
2.494101405E0,9.804350586E2
2.593627325E0,9.804611816E2
2.693153555E0,9.805151367E2
2.792679184E0,9.805454102E2
2.892208398E0,9.805195312E2
2.991739260E0,9.804736328E2
3.091271226E0,9.804123535E2
3.190806892E0,9.804028320E2
3.290346158E0,9.803867188E2
3.389886891E0,9.803637695E2
3.489429124E0,9.803327637E2
3.588971924E0,9.803491211E2
3.688517124E0,9.803574219E2
3.788063590E0,9.803278809E2
3.887610490E0,9.803425293E2
3.987157056E0,9.803442383E2
4.086702856E0,9.803320312E2
4.186247822E0,9.803740234E2
4.285790122E0,9.803586426E2
4.385333155E0,9.803964844E2
4.484875955E0,9.804755859E2
4.584419788E0,9.806242676E2
4.683965954E0,9.808657227E2
4.783513820E0,9.810649414E2
4.883062686E0,9.810295410E2
4.982612319E0,9.808261719E2
5.082163252E0,9.805571289E2
5.181716118E0,9.802985840E2
5.281271218E0,9.801613770E2
5.380827884E0,9.800908203E2
5.480388684E0,9.800820312E2
5.579954717E0,9.800810547E2
5.679524050E0,9.800751953E2
5.779098550E0,9.800876465E2
5.878674550E0,9.801120605E2
5.978250950E0,9.801440430E2
6.077830116E0,9.801872559E2
6.177407316E0,9.801872559E2
6.276984049E0,9.801989746E2
6.376561215E0,9.802421875E2
6.476137781E0,9.802421875E2
6.575716847E0,9.802661133E2
6.675296480E0,9.802980957E2
6.774878446E0,9.802980957E2
6.874464046E0,9.803110352E2
6.974054612E0,9.803300781E2
7.073649512E0,9.803300781E2
7.173249178E0,9.803459473E2
7.272855044E0,9.804016113E2
7.372461777E0,9.804016113E2
7.472070510E0,9.804160156E2
7.571682043E0,9.804453125E2
7.671294876E0,9.804453125E2
7.770911609E0,9.804453125E2
7.870529509E0,9.804338379E2
7.970150242E0,9.804338379E2
8.069773308E0,9.804357910E2
8.169400008E0,9.804565430E2
8.269029141E0,9.804565430E2
8.368658974E0,9.804409180E2
8.468288107E0,9.804257812E2
8.567915873E0,9.804257812E2
8.667544939E0,9.803950195E2
8.767172372E0,9.803547363E2
8.866798905E0,9.803547363E2
8.966426605E0,9.803481445E2
9.066052638E0,9.803493652E2
9.165681538E0,9.803493652E2
9.265311804E0,9.803857422E2
9.364941170E0,9.803981934E2
9.464571803E0,9.803981934E2
9.564202803E0,9.803959961E2
9.663835503E0,9.804069824E2
9.763470103E0,9.804069824E2
9.863103703E0,9.804060059E2
9.962734236E0,9.804113770E2
1.006236474E1,9.804113770E2
1.016199177E1,9.804182129E2
1.026161557E1,9.804226074E2
1.036123970E1,9.804226074E2
1.046086347E1,9.804599609E2
1.056048800E1,9.804575195E2
1.066011100E1,9.804543457E2
1.075973150E1,9.804655762E2
1.085935407E1,9.804755859E2
1.095897557E1,9.804611816E2
1.105859710E1,9.804609375E2
1.115821533E1,9.804707031E2
1.125783497E1,9.804790039E2
1.135745157E1,9.805136719E2
1.145706430E1,9.805312500E2
1.155667550E1,9.805324707E2
1.165628370E1,9.804956055E2
1.175589210E1,9.804431152E2
1.185549810E1,9.804306641E2
1.195510400E1,9.804558105E2
1.205471030E1,9.804370117E2
1.215431336E1,9.804279785E2
1.225391590E1,9.804411621E2
1.235351970E1,9.804011230E2
1.245312413E1,9.803569336E2
1.255272790E1,9.803432617E2
1.265233180E1,9.803083496E2
1.275193263E1,9.802707520E2
1.285153236E1,9.802465820E2
1.295113663E1,9.802968750E2
1.305074076E1,9.803588867E2
1.315034730E1,9.803803711E2
1.324995603E1,9.803723145E2
1.334956553E1,9.803674316E2
1.344917549E1,9.803979492E2
1.354878473E1,9.804086914E2
1.364839359E1,9.803916016E2
1.374800163E1,9.803820801E2
1.384760746E1,9.804038086E2
1.394721399E1,9.803754883E2
1.404681796E1,9.803288574E2
1.414642346E1,9.802619629E2
1.424602389E1,9.802141113E2
1.434562706E1,9.801867676E2
1.444523109E1,9.801936035E2
1.454483432E1,9.802058105E2
1.464443882E1,9.802424316E2
1.474404169E1,9.802514648E2
1.484364452E1,9.802783203E2
1.494324366E1,9.802714844E2
1.504284252E1,9.802648926E2
1.514244045E1,9.802807617E2
1.524203805E1,9.803308105E2
1.534163275E1,9.803798828E2
1.544122329E1,9.804477539E2
1.554081205E1,9.804738770E2
1.564039799E1,9.804702148E2
1.573998375E1,9.804194336E2
1.583956785E1,9.803605957E2
1.593914732E1,9.803034668E2
1.603872645E1,9.802756348E2
1.613830475E1,9.802814941E2
1.623788148E1,9.802878418E2
1.633745808E1,9.802785645E2
1.643703762E1,9.802873535E2
1.653661622E1,9.803425293E2
1.663619445E1,9.803598633E2
1.673577415E1,9.803798828E2
1.683535558E1,9.803842773E2
1.693493868E1,9.803818359E2
1.703452205E1,9.804128418E2
1.713410318E1,9.804047852E2
1.723368698E1,9.804301758E2
1.733326902E1,9.804848633E2
1.743285118E1,9.805820312E2
1.753243321E1,9.805820312E2
1.763201435E1,9.805769043E2
1.773159498E1,9.804230957E2
1.783117671E1,9.804230957E2
1.793076271E1,9.803630371E2
1.803034795E1,9.803151855E2
1.812993471E1,9.803151855E2
1.822951981E1,9.803281250E2
1.832910688E1,9.804050293E2
1.842869571E1,9.804050293E2
1.852828518E1,9.804252930E2
1.862787701E1,9.804992676E2
1.872746761E1,9.804992676E2
1.882706098E1,9.804870605E2
1.892665238E1,9.804311523E2
1.902624188E1,9.804311523E2
1.912582828E1,9.803918457E2
1.922541274E1,9.803698730E2
1.932499398E1,9.803698730E2
1.942456784E1,9.804387207E2
1.952414001E1,9.805205078E2
1.962371077E1,9.805205078E2
1.972327871E1,9.805104980E2
1.982284367E1,9.804416504E2
1.992240437E1,9.804416504E2
2.002196540E1,9.802575684E2
2.012152381E1,9.802314453E2
2.022107964E1,9.802314453E2
2.032063417E1,9.802600098E2
2.042018740E1,9.802666016E2
2.051973797E1,9.802666016E2
2.061928617E1,9.803837891E2
2.071883200E1,9.804331055E2
2.081837530E1,9.804331055E2
2.091791340E1,9.804096680E2
2.101744890E1,9.804047852E2
2.111698087E1,9.804047852E2
2.121651214E1,9.803789062E2
2.131604007E1,9.803901367E2
2.141556667E1,9.803901367E2
2.151509157E1,9.804038086E2
2.161461410E1,9.804313965E2
2.171413630E1,9.804313965E2
2.181365727E1,9.803083496E2
2.191317857E1,9.801940918E2
2.201269950E1,9.801347656E2
2.211222240E1,9.801164551E2
2.221174383E1,9.801201172E2
2.231126270E1,9.801398926E2
2.241078270E1,9.801804199E2
2.251030183E1,9.802031250E2
2.260982103E1,9.801857910E2
2.270934030E1,9.802307129E2
2.280885886E1,9.802839355E2
2.290837563E1,9.803603516E2
2.300789030E1,9.804262695E2
2.310740586E1,9.804758301E2
2.320692070E1,9.805539551E2
2.330643600E1,9.805292969E2
2.340595196E1,9.804230957E2
2.350547026E1,9.803513184E2
2.360498813E1,9.803352051E2
2.370450656E1,9.802927246E2
2.380402496E1,9.802949219E2
2.390354443E1,9.803457031E2
2.400306499E1,9.804780273E2
2.410258726E1,9.804172363E2
2.420211012E1,9.803442383E2
2.430163262E1,9.803051758E2
2.440115606E1,9.803420410E2
2.450068086E1,9.804294434E2
2.460020589E1,9.805158691E2
2.469973272E1,9.805832520E2
2.479925746E1,9.804956055E2
2.489878286E1,9.803918457E2
2.499830792E1,9.803471680E2
2.509783279E1,9.803532715E2
2.519736079E1,9.803574219E2
2.529689169E1,9.803676758E2
2.539642295E1,9.804370117E2
2.549595469E1,9.804687500E2
2.559548809E1,9.804030762E2
2.569502262E1,9.803818359E2
2.579455819E1,9.803894043E2
2.589409775E1,9.803828125E2
2.599363875E1,9.804177246E2
2.609318195E1,9.804772949E2
2.619272542E1,9.806010742E2
2.629226912E1,9.804746094E2
2.639181372E1,9.804038086E2
2.649135862E1,9.803676758E2
2.659090425E1,9.803259277E2
2.669045028E1,9.802653809E2
2.678999718E1,9.802944336E2
2.688954578E1,9.804311523E2
2.698909552E1,9.805439453E2
2.708864468E1,9.804545898E2
2.718819365E1,9.804067383E2
2.728774422E1,9.803879395E2
2.738729395E1,9.803825684E2
2.748684468E1,9.804243164E2
2.758639708E1,9.804667969E2
2.768595035E1,9.805297852E2
2.778550605E1,9.803588867E2
2.788506358E1,9.803022461E2
2.798462621E1,9.802404785E2
2.808419065E1,9.802207031E2
2.818375781E1,9.802246094E2
2.828332708E1,9.802448730E2
2.838289931E1,9.803564453E2
2.848247421E1,9.803959961E2
2.858205004E1,9.803186035E2
2.868162804E1,9.802407227E2
2.878120868E1,9.801979980E2
2.888078938E1,9.802080078E2
2.898037314E1,9.802729492E2
2.907995628E1,9.805122070E2
2.917954244E1,9.805122070E2
2.927913031E1,9.804335938E2
2.937871924E1,9.803674316E2
2.947830957E1,9.803674316E2
2.957790394E1,9.803054199E2
2.967750167E1,9.803200684E2
2.977710117E1,9.803200684E2
2.987670204E1,9.804851074E2
2.997630527E1,9.803513184E2
3.007591090E1,9.803513184E2
3.017551837E1,9.803083496E2
3.027512740E1,9.803874512E2
3.037473957E1,9.803874512E2
3.047435144E1,9.804685059E2
3.057396377E1,9.804128418E2
3.067357580E1,9.804128418E2
3.077318930E1,9.803132324E2
3.087280294E1,9.802336426E2
3.097241294E1,9.802336426E2
3.107202144E1,9.802890625E2
3.117162780E1,9.805441895E2
3.127123593E1,9.805441895E2
3.137084393E1,9.803708496E2
3.147045110E1,9.803212891E2
3.157005930E1,9.803212891E2
3.166966760E1,9.802287598E2
3.176927507E1,9.802744141E2
3.186888220E1,9.802744141E2
3.196848747E1,9.803005371E2
3.206809440E1,9.803125000E2
3.216770003E1,9.803125000E2
3.226730656E1,9.803308105E2
3.236691383E1,9.803625488E2
3.246652216E1,9.803625488E2
3.256612816E1,9.804938965E2
3.266573443E1,9.805075684E2
3.276534113E1,9.805075684E2
3.286494650E1,9.805197754E2
3.296455220E1,9.805148926E2
3.306415876E1,9.805148926E2
3.316376646E1,9.804748535E2
3.326337593E1,9.804877930E2
3.336298486E1,9.804877930E2
3.346259526E1,9.805075684E2
3.356220899E1,9.805112305E2
3.366182479E1,9.805114746E2
3.376143943E1,9.805080566E2
3.386105593E1,9.804975586E2
3.396067506E1,9.804560547E2
3.406029806E1,9.804545898E2
3.415992096E1,9.804599609E2
3.425954152E1,9.804458008E2
3.435916216E1,9.804531250E2
3.445878266E1,9.804677734E2
3.455840299E1,9.805307617E2
3.465802189E1,9.805327148E2
3.475764022E1,9.805173340E2
3.485725699E1,9.805283203E2
3.495687186E1,9.805529785E2
3.505648559E1,9.805734863E2
3.515609932E1,9.805793457E2
3.525571156E1,9.805871582E2
3.535532229E1,9.805649414E2
3.545493172E1,9.805664062E2
3.555454475E1,9.805788574E2
3.565415605E1,9.805739746E2
3.575376719E1,9.805476074E2
3.585337989E1,9.805517578E2
3.595299252E1,9.805522461E2
3.605260569E1,9.805185547E2
3.615221949E1,9.805288086E2
3.625183182E1,9.805300293E2
3.635144349E1,9.805253906E2
3.645105545E1,9.805187988E2
3.655066458E1,9.804995117E2
3.665027258E1,9.804895020E2
3.674988108E1,9.804716797E2
3.684948712E1,9.804577637E2
3.694909292E1,9.804504395E2
3.704869672E1,9.804211426E2
3.714830372E1,9.804150391E2
3.724791182E1,9.804013672E2
3.734751968E1,9.803962402E2
3.744713028E1,9.803820801E2
3.754674038E1,9.803911133E2
3.764635412E1,9.804035645E2
3.774596838E1,9.804155273E2
3.784558532E1,9.804001465E2
3.794520372E1,9.804201660E2
3.804482252E1,9.804675293E2
3.814444188E1,9.804716797E2
3.824406081E1,9.804592285E2
3.834368038E1,9.804743652E2
3.844329878E1,9.804741211E2
3.854291355E1,9.804973145E2
3.864252881E1,9.805212402E2
3.874214488E1,9.805451660E2
3.884176091E1,9.805537109E2
3.894137438E1,9.805874023E2
3.904098718E1,9.805800781E2
3.914059701E1,9.805810547E2
3.924020534E1,9.805898438E2
3.933981208E1,9.805920410E2
3.943941678E1,9.805869141E2
3.953902194E1,9.805920410E2
3.963862671E1,9.805661621E2
3.973823151E1,9.805461426E2
3.983783621E1,9.805141602E2
3.993743891E1,9.804675293E2
4.003704217E1,9.804592285E2
4.013664271E1,9.804606934E2
4.023624364E1,9.804758301E2
4.033584427E1,9.804655762E2
4.043544194E1,9.804260254E2
4.053503840E1,9.804284668E2
4.063463114E1,9.804174805E2
4.073422360E1,9.804348145E2
4.083381394E1,9.804548340E2
4.093340400E1,9.804785156E2
4.103299527E1,9.805024414E2
4.113258570E1,9.805139160E2
4.123217747E1,9.804995117E2
4.133176850E1,9.804487305E2
4.143136187E1,9.804069824E2
4.153095557E1,9.804079590E2
4.163054860E1,9.803769531E2
4.173013803E1,9.804174805E2
4.182972540E1,9.804777832E2
4.192931330E1,9.804167480E2
4.202889913E1,9.803935547E2
4.212848557E1,9.803957520E2
4.222807203E1,9.804294434E2
4.232765950E1,9.804897461E2
4.242724733E1,9.805866699E2
4.252683280E1,9.807028809E2
4.262641733E1,9.807028809E2
4.272600010E1,9.806926270E2
4.282558316E1,9.806567383E2
4.292516546E1,9.806567383E2
4.302474803E1,9.804953613E2
4.312433043E1,9.804702148E2
4.322391403E1,9.804702148E2
4.332349699E1,9.805590820E2
4.342308023E1,9.805202637E2
4.352266473E1,9.805202637E2
4.362225093E1,9.804335938E2
4.372183726E1,9.804167480E2
4.382142416E1,9.804167480E2
4.392101219E1,9.805874023E2
4.402059856E1,9.806176758E2
4.412018446E1,9.806176758E2
4.421977256E1,9.804895020E2
4.431936176E1,9.804355469E2
4.441894962E1,9.804355469E2
4.451853686E1,9.805363770E2
4.461812512E1,9.805646973E2
4.471771726E1,9.805107422E2
4.481731129E1,9.805197754E2
4.491690582E1,9.804895020E2
4.501650202E1,9.805004883E2
4.511609899E1,9.805610352E2
4.521569779E1,9.805505371E2
4.531529612E1,9.804519043E2
4.541489632E1,9.803940430E2
4.551449779E1,9.803586426E2
4.561409939E1,9.803254395E2
4.571370089E1,9.803076172E2
4.581330332E1,9.803371582E2
4.591290685E1,9.804423828E2
4.601250852E1,9.804157715E2
4.611211035E1,9.803867188E2
4.621170882E1,9.803876953E2
4.631130652E1,9.804094238E2
4.641090335E1,9.804863281E2
4.651049822E1,9.804807129E2
4.661009385E1,9.804113770E2
4.670968948E1,9.803432617E2
4.680928742E1,9.803120117E2
4.690888495E1,9.803300781E2
4.700848438E1,9.804289551E2
4.710808632E1,9.805356445E2
4.720768532E1,9.805681152E2
4.730728438E1,9.804860840E2
4.740688401E1,9.805000000E2
4.750648655E1,9.804982910E2
4.760608845E1,9.805239258E2
4.770568841E1,9.805913086E2
4.780528818E1,9.806879883E2
4.790488754E1,9.807021484E2
4.800448728E1,9.806579590E2
4.810408581E1,9.806132812E2
4.820368291E1,9.805778809E2
4.830328114E1,9.805512695E2
4.840287734E1,9.805393066E2
4.850247174E1,9.805761719E2
4.860206621E1,9.805915527E2
4.870166361E1,9.805588379E2
4.880125931E1,9.805107422E2
4.890085694E1,9.804997559E2
4.900045434E1,9.805244141E2
4.910005128E1,9.805935059E2
4.919964994E1,9.806909180E2
4.929924938E1,9.807260742E2
4.939885344E1,9.807070312E2
4.949845757E1,9.806721191E2
4.959805924E1,9.805920410E2
4.969765991E1,9.804875488E2
4.979725724E1,9.804462891E2
4.989685590E1,9.804787598E2
4.999645341E1,9.805244141E2
5.009604987E1,9.804916992E2
5.019564697E1,9.804677734E2
5.029524444E1,9.804353027E2
5.039484247E1,9.804052734E2
5.049443780E1,9.804252930E2
5.059403107E1,9.804394531E2
5.069362254E1,9.804721680E2
5.079321180E1,9.804462891E2
5.089279950E1,9.803874512E2
5.099238647E1,9.803347168E2
5.109197363E1,9.802587891E2
5.119156147E1,9.802490234E2
5.129114807E1,9.802490234E2
5.139073383E1,9.803342285E2
5.149032067E1,9.803266602E2
5.158990620E1,9.803266602E2
5.168948736E1,9.803486328E2
5.178906686E1,9.804418945E2
5.188864233E1,9.804418945E2
5.198821606E1,9.804179688E2
5.208778710E1,9.802456055E2
5.218735516E1,9.802456055E2
5.228692253E1,9.801857910E2
5.238648606E1,9.802507324E2
5.248605056E1,9.802507324E2
5.258561433E1,9.804194336E2
5.268517783E1,9.804902344E2
5.278474139E1,9.804902344E2
5.288430339E1,9.804265137E2
5.298386499E1,9.804558105E2
5.308342593E1,9.804558105E2
5.318298826E1,9.805402832E2
5.328254909E1,9.807575684E2
5.338210889E1,9.807575684E2
5.348166899E1,9.806115723E2
5.358123206E1,9.804301758E2
5.368079622E1,9.804301758E2
5.378036232E1,9.805334473E2
5.387993169E1,9.806547852E2
5.397950062E1,9.806547852E2
5.407906856E1,9.803857422E2
5.417863632E1,9.803408203E2
5.427820379E1,9.803408203E2
5.437777209E1,9.804670410E2
5.447733812E1,9.805595703E2
5.457690692E1,9.805595703E2
5.467647745E1,9.803764648E2
5.477604905E1,9.803391113E2
5.487562249E1,9.803391113E2
5.497519715E1,9.804362793E2
5.507477219E1,9.805727539E2
5.517434915E1,9.805727539E2
5.527392952E1,9.803144531E2
5.537351012E1,9.803100586E2
5.547309288E1,9.803100586E2
5.557267712E1,9.804655762E2
5.567226475E1,9.805527344E2
5.577185335E1,9.805527344E2
5.587144202E1,9.803469238E2
5.597103205E1,9.803247070E2
5.607061938E1,9.803452148E2
5.617020232E1,9.804724121E2
5.626978408E1,9.805969238E2
5.636936371E1,9.804482422E2
5.646894275E1,9.803195801E2
5.656851815E1,9.802626953E2
5.666809211E1,9.803310547E2
5.676766315E1,9.804177246E2
5.686723201E1,9.805456543E2
5.696679974E1,9.804460449E2
5.706636631E1,9.803532715E2
5.716593098E1,9.803271484E2
5.726549318E1,9.803232422E2
5.736505528E1,9.804726562E2
5.746461878E1,9.806755371E2
5.756418091E1,9.805935059E2
5.766374368E1,9.805244141E2
5.776330758E1,9.805056152E2
5.786287244E1,9.805634766E2
5.796243878E1,9.806560059E2
5.806200741E1,9.807436523E2
5.816157641E1,9.806943359E2
5.826114314E1,9.806608887E2
5.836070934E1,9.806538086E2
5.846027247E1,9.806723633E2
5.855983534E1,9.807338867E2
5.865939527E1,9.808686523E2
5.875895681E1,9.808010254E2
5.885851604E1,9.807121582E2
5.895807321E1,9.806660156E2
5.905763270E1,9.806892090E2
5.915719621E1,9.807897949E2
5.925676097E1,9.808872070E2
5.935632874E1,9.809582520E2
5.945589654E1,9.809001465E2
5.955546490E1,9.808330078E2
5.965503370E1,9.807749023E2
5.975460200E1,9.807280273E2
5.985416894E1,9.807517090E2
5.995373524E1,9.808579102E2
6.005330180E1,9.807668457E2
6.015286930E1,9.807109375E2
6.025243934E1,9.806899414E2
6.035200897E1,9.807231445E2
6.045157860E1,9.808081055E2
6.055114700E1,9.808920898E2
6.065071413E1,9.808312988E2
6.075027900E1,9.808325195E2
6.084984123E1,9.808364258E2
6.094940083E1,9.808364258E2
6.104895877E1,9.808381348E2
6.114851580E1,9.809128418E2
6.124807300E1,9.808935547E2
6.134763113E1,9.808383789E2
6.144718983E1,9.807502441E2
6.154674726E1,9.807124023E2
6.164630427E1,9.806936035E2
6.174585956E1,9.807121582E2
6.184541770E1,9.807546387E2
6.194497676E1,9.808164062E2
6.204453600E1,9.808342285E2
6.214409440E1,9.808376465E2
6.224365310E1,9.808691406E2
6.234321033E1,9.808857422E2
6.244276666E1,9.808342285E2
6.254232330E1,9.807795410E2
6.264188020E1,9.807390137E2
6.274143960E1,9.806779785E2
6.284100080E1,9.806330566E2
6.294056353E1,9.805808105E2
6.304012663E1,9.804973145E2
6.313968883E1,9.804116211E2
6.323924883E1,9.804116211E2
6.333880783E1,9.804094238E2
6.343836596E1,9.803364258E2
6.353792390E1,9.803364258E2
6.363748183E1,9.803413086E2
6.373703966E1,9.804218750E2
6.383659659E1,9.804218750E2
6.393615389E1,9.804738770E2
6.403571143E1,9.805000000E2
6.413526793E1,9.805000000E2
6.423482233E1,9.805063477E2
6.433437523E1,9.804389648E2
6.443392463E1,9.804389648E2
6.453347309E1,9.804011230E2
6.463302076E1,9.803403320E2
6.473256773E1,9.803403320E2
6.483211239E1,9.802497559E2
6.493165372E1,9.801337891E2
6.503119366E1,9.801337891E2
6.513073099E1,9.801525879E2
6.523026579E1,9.803283691E2
6.532979932E1,9.803283691E2
6.542933322E1,9.802993164E2
6.552886629E1,9.802746582E2
6.562840022E1,9.802746582E2
6.572793422E1,9.802770996E2
6.582746779E1,9.802263184E2
6.592699955E1,9.802263184E2
6.602653189E1,9.802265625E2
6.612606452E1,9.802138672E2
6.622559819E1,9.802138672E2
6.632513145E1,9.802087402E2
6.642466368E1,9.802636719E2
6.652419432E1,9.802636719E2
6.662372325E1,9.803354492E2
6.672325222E1,9.803725586E2
6.682278158E1,9.803725586E2
6.692230862E1,9.802412109E2
6.702183448E1,9.801623535E2
6.712136075E1,9.801623535E2
6.722088828E1,9.800830078E2
6.732041531E1,9.800805664E2
6.741994451E1,9.800805664E2
6.751947425E1,9.801037598E2
6.761900441E1,9.800532227E2
6.771853425E1,9.800532227E2
6.781806568E1,9.800551758E2
6.791759888E1,9.801289062E2
6.801713141E1,9.802133789E2
6.811666548E1,9.802465820E2
6.821620194E1,9.802541504E2
6.831573884E1,9.802360840E2
6.841527548E1,9.801726074E2
6.851481391E1,9.800729980E2
6.861435081E1,9.800017090E2
6.871388451E1,9.799462891E2
6.881341574E1,9.799094238E2
6.891294528E1,9.798662109E2
6.901247221E1,9.798115234E2
6.911199701E1,9.798049316E2
6.921151931E1,9.797573242E2
6.931103968E1,9.797893066E2
6.941055861E1,9.798142090E2
6.951007741E1,9.797861328E2
6.960959504E1,9.798073730E2
6.970911167E1,9.798171387E2
6.980862647E1,9.798251953E2
6.990814261E1,9.798513184E2
7.000765721E1,9.798876953E2
7.010717081E1,9.799086914E2
7.020668287E1,9.799301758E2
7.030619387E1,9.799506836E2
7.040570367E1,9.799543457E2
7.050521091E1,9.800065918E2
7.060471477E1,9.800168457E2
7.070421537E1,9.800227051E2
7.080371254E1,9.800822754E2
7.090320777E1,9.801118164E2
7.100270224E1,9.801213379E2
7.110219380E1,9.801459961E2
7.120168337E1,9.801828613E2
7.130117347E1,9.802075195E2
7.140066580E1,9.802390137E2
7.150015714E1,9.802475586E2
7.159964744E1,9.802307129E2
7.169913824E1,9.802031250E2
7.179862924E1,9.802170410E2
7.189812100E1,9.802380371E2
7.199761350E1,9.802817383E2
7.209710610E1,9.803334961E2
7.219660123E1,9.803862305E2
7.229609820E1,9.804472656E2
7.239559730E1,9.804245605E2
7.249509780E1,9.803957520E2
7.259459997E1,9.803508301E2
7.269410270E1,9.803476562E2
7.279360630E1,9.803430176E2
7.289311023E1,9.803610840E2
7.299261593E1,9.804033203E2
7.309212187E1,9.804157715E2
7.319162733E1,9.803452148E2
7.329113353E1,9.802912598E2
7.339064030E1,9.802353516E2
7.349014916E1,9.801984863E2
7.358966113E1,9.802233887E2
7.368917556E1,9.802666016E2
7.378869170E1,9.802878418E2
7.388820890E1,9.802687988E2
7.398772643E1,9.801628418E2
7.408724499E1,9.800632324E2
7.418676413E1,9.799956055E2
7.428628253E1,9.799621582E2
7.438579799E1,9.799782715E2
7.448531386E1,9.800034180E2
7.458483189E1,9.800895996E2
7.468435232E1,9.801232910E2
7.478387466E1,9.801340332E2
7.488339912E1,9.801728516E2
7.498292519E1,9.802255859E2
7.508245326E1,9.802687988E2
7.518198159E1,9.802900391E2
7.528151209E1,9.803222656E2
7.538104342E1,9.802895508E2
7.548057469E1,9.802895508E2
7.558010705E1,9.803095703E2
7.567964185E1,9.802355957E2
7.577917872E1,9.802355957E2
7.587871685E1,9.801979980E2
7.597825522E1,9.801188965E2
7.607779442E1,9.801188965E2
7.617733568E1,9.801250000E2
7.627687718E1,9.801369629E2
7.637641815E1,9.801369629E2
7.647595962E1,9.801083984E2
7.657549905E1,9.800356445E2
7.667503785E1,9.800356445E2
7.677457565E1,9.800119629E2
7.687411342E1,9.800651855E2
7.697365252E1,9.800651855E2
7.707319172E1,9.801381836E2
7.717273078E1,9.802341309E2
7.727226918E1,9.802341309E2
7.737180895E1,9.802456055E2
7.747134875E1,9.802138672E2
7.757088785E1,9.802138672E2
7.767042551E1,9.801489258E2
7.776996155E1,9.801518555E2
7.786949565E1,9.801518555E2
7.796902808E1,9.802360840E2
7.806855958E1,9.802436523E2
7.816809058E1,9.802436523E2
7.826762008E1,9.802077637E2
7.836714881E1,9.801865234E2
7.846667858E1,9.801865234E2
7.856620774E1,9.801462402E2
7.866573551E1,9.801750488E2
7.876526314E1,9.801750488E2
7.886478951E1,9.802189941E2
7.896431621E1,9.802883301E2
7.906384231E1,9.802883301E2
7.916336708E1,9.802980957E2
7.926289101E1,9.803020020E2
7.936241531E1,9.803020020E2
7.946193924E1,9.803269043E2
7.956146401E1,9.803393555E2
7.966098847E1,9.803393555E2
7.976051241E1,9.802937012E2
7.986003614E1,9.802590332E2
7.995955771E1,9.802590332E2
8.005907854E1,9.801875000E2
8.015859814E1,9.801691895E2
8.025811700E1,9.801875000E2
8.035763380E1,9.801967773E2
8.045714887E1,9.801958008E2
8.055666277E1,9.802165527E2
8.065617544E1,9.802607422E2
8.075568727E1,9.803476562E2
8.085519827E1,9.803398438E2
8.095470827E1,9.802653809E2
8.105421670E1,9.802304688E2
8.115372240E1,9.802028809E2
8.125322474E1,9.801779785E2
8.135272484E1,9.801699219E2
8.145222290E1,9.801931152E2
8.155171967E1,9.802409668E2
8.165121533E1,9.802248535E2
8.175070820E1,9.802050781E2
8.185020047E1,9.801833496E2
8.194969193E1,9.801574707E2
8.204918280E1,9.801462402E2
8.214867266E1,9.801501465E2
8.224816226E1,9.801315918E2
8.234765173E1,9.801354980E2
8.244714063E1,9.801635742E2
8.254662983E1,9.801696777E2
8.264611736E1,9.801640625E2
8.274560480E1,9.801855469E2
8.284509126E1,9.802319336E2
8.294457790E1,9.802966309E2
8.304406486E1,9.803725586E2
8.314355103E1,9.804516602E2
8.324303583E1,9.804794922E2
8.334251889E1,9.804572754E2
8.344200056E1,9.804001465E2
8.354148132E1,9.803854980E2
8.364096343E1,9.804094238E2
8.374044562E1,9.804367676E2
8.383992812E1,9.804875488E2
8.393941052E1,9.804743652E2
8.403889346E1,9.803720703E2
8.413837806E1,9.803588867E2
8.423786446E1,9.803293457E2
8.433735096E1,9.803728027E2
8.443683616E1,9.804035645E2
8.453632109E1,9.804978027E2
8.463580469E1,9.804396973E2
8.473528819E1,9.803696289E2
8.483477119E1,9.803906250E2
8.493425329E1,9.803852539E2
8.503373716E1,9.804079590E2
8.513322029E1,9.804851074E2
8.523270376E1,9.804484863E2
8.533218822E1,9.803669434E2
8.543167469E1,9.803735352E2
8.553116229E1,9.803718262E2
8.563065159E1,9.804130859E2
8.573014142E1,9.804704590E2
8.582963329E1,9.805327148E2
8.592912579E1,9.804162598E2
8.602861865E1,9.803452148E2
8.612811372E1,9.803286133E2
8.622761125E1,9.802885742E2
8.632711218E1,9.802966309E2
8.642661592E1,9.803708496E2
8.652612088E1,9.803317871E2
8.662562615E1,9.802539062E2
8.672513298E1,9.802429199E2
8.682464152E1,9.802331543E2
8.692415192E1,9.802714844E2
8.702366388E1,9.802697754E2
8.712317642E1,9.803588867E2
8.722269132E1,9.802626953E2
8.732220948E1,9.801923828E2
8.742173115E1,9.801994629E2
8.752125471E1,9.802097168E2
8.762078125E1,9.802646484E2
8.772031028E1,9.802646484E2
8.781984104E1,9.802065430E2
8.791937328E1,9.799929199E2
8.801890444E1,9.799929199E2
8.811843704E1,9.799809570E2
8.821797004E1,9.801235352E2
8.831750368E1,9.801235352E2
8.841703744E1,9.801687012E2
8.851657198E1,9.799824219E2
8.861610814E1,9.799824219E2
8.871564464E1,9.799660645E2
8.881518014E1,9.800178223E2
8.891471658E1,9.800178223E2
8.901425621E1,9.800983887E2
8.911379657E1,9.800295410E2
8.921333781E1,9.800295410E2
8.931287814E1,9.800590820E2
8.941241787E1,9.801379395E2
8.951195814E1,9.801379395E2
8.961149737E1,9.801979980E2
8.971103730E1,9.802641602E2
8.981057544E1,9.802641602E2
8.991011354E1,9.801948242E2
9.000965094E1,9.801982422E2
9.010918797E1,9.801982422E2
9.020872227E1,9.802224121E2
9.030825450E1,9.802312012E2
9.040778504E1,9.802312012E2
9.050731570E1,9.801337891E2
9.060684470E1,9.801242676E2
9.070637144E1,9.801242676E2
9.080589710E1,9.801796875E2
9.090542210E1,9.802507324E2
9.100494674E1,9.802507324E2
9.110447204E1,9.802663574E2
9.120399790E1,9.802099609E2
9.130352173E1,9.802099609E2
9.140304253E1,9.801979980E2
9.150256123E1,9.802038574E2
9.160207910E1,9.802038574E2
9.170159660E1,9.802634277E2
9.180111267E1,9.802360840E2
9.190062777E1,9.802360840E2
9.200013950E1,9.802624512E2
9.209964863E1,9.802663574E2
9.219915510E1,9.802663574E2
9.229866050E1,9.803923340E2
9.239816513E1,9.804516602E2
9.249766960E1,9.805153809E2
9.259717606E1,9.805388184E2
9.269668243E1,9.805168457E2
9.279619140E1,9.804580078E2
9.289570143E1,9.804035645E2
9.299521216E1,9.803735352E2
9.309472406E1,9.803479004E2
9.319423583E1,9.803503418E2
9.329375086E1,9.803525391E2
9.339326646E1,9.803151855E2
9.349278029E1,9.802500000E2
9.359229379E1,9.801975098E2
9.369180779E1,9.801499023E2
9.379132243E1,9.801147461E2
9.389083669E1,9.800859375E2
9.399035126E1,9.800695801E2
9.408986529E1,9.800415039E2
9.418937952E1,9.800070801E2
9.428889442E1,9.800124512E2
9.438841049E1,9.800190430E2
9.448792596E1,9.799912109E2
9.458744089E1,9.800107422E2
9.468695659E1,9.800095215E2
9.478647362E1,9.800046387E2
9.488599069E1,9.800168457E2
9.498550755E1,9.800354004E2
9.508502475E1,9.800576172E2
9.518454235E1,9.800700684E2
9.528406195E1,9.801000977E2
9.538358315E1,9.801369629E2
9.548310422E1,9.801374512E2
9.558262375E1,9.800937500E2
9.568214099E1,9.800886230E2
9.578165629E1,9.800654297E2
9.588117029E1,9.800512695E2
9.598068449E1,9.800395508E2
9.608019749E1,9.800205078E2
9.617971182E1,9.799858398E2
9.627922265E1,9.799868164E2
9.637873302E1,9.800000000E2
9.647824408E1,9.800402832E2
9.657775612E1,9.800935059E2
9.667726878E1,9.801184082E2
9.677678098E1,9.801425781E2
9.687629325E1,9.801352539E2
9.697580482E1,9.801203613E2
9.707531588E1,9.800949707E2
9.717482488E1,9.800700684E2
9.727433371E1,9.800673828E2
9.737384218E1,9.800942383E2
9.747335195E1,9.801279297E2
9.757286135E1,9.801398926E2
9.767237005E1,9.801350098E2
9.777188028E1,9.801403809E2
9.787139071E1,9.802290039E2
9.797090184E1,9.803010254E2
9.807041408E1,9.803178711E2
9.816992681E1,9.802563477E2
9.826943928E1,9.801960449E2
9.836895041E1,9.801494141E2
9.846846188E1,9.801071777E2
9.856797264E1,9.801284180E2
9.866748588E1,9.801579590E2
9.876699931E1,9.801801758E2
9.886651451E1,9.802021484E2
9.896602944E1,9.803833008E2
9.906554517E1,9.803562012E2
9.916506074E1,9.803334961E2
9.926457771E1,9.803627930E2
9.936409447E1,9.802387695E2
9.946361074E1,9.801330566E2
9.956313057E1,9.800778809E2
9.966265260E1,9.800419922E2
9.976217570E1,9.800302734E2
9.986169827E1,9.800605469E2
9.996122197E1,9.800605469E2
1.000607479E2,9.800639648E2
1.001602773E2,9.800825195E2
1.002598121E2,9.800825195E2
1.003593534E2,9.800952148E2
1.004589019E2,9.801252441E2
1.005584582E2,9.801252441E2
1.006580178E2,9.801625977E2
1.007575814E2,9.802150879E2
1.008571501E2,9.802150879E2
1.009567246E2,9.802189941E2
1.010563041E2,9.802277832E2
1.011558927E2,9.802277832E2
1.012554869E2,9.802656250E2
1.013550883E2,9.803178711E2
